{"cameraMode":{"drawMode":12,"name":"UV Charts","section":"Global Illumination"},"sceneLighting":true,"audioPlay":false,"sceneViewState":{"showFog":true,"showMaterialUpdate":false,"showSkybox":true,"showFlares":true,"showImageEffects":true,"showParticleSystems":true},"in2DMode":false,"pivot":{"x":30.222137451171876,"y":13.403060913085938,"z":34.674102783203128},"rotation":{"x":-0.38867413997650149,"y":-0.2383391112089157,"z":0.10481277853250504,"w":-0.8838227391242981},"size":67.41866302490235,"orthographic":false}