{"cameraMode":{"drawMode":0,"name":"Shaded","section":"Shading Mode"},"sceneLighting":false,"audioPlay":false,"sceneViewState":{"showFog":true,"showMaterialUpdate":false,"showSkybox":false,"showFlares":true,"showImageEffects":true,"showParticleSystems":true},"in2DMode":false,"pivot":{"x":2.1552305221557619,"y":0.9397704601287842,"z":-0.0033953115344047548},"rotation":{"x":0.21310654282569886,"y":0.7824326157569885,"z":-0.36388060450553896,"w":0.45823147892951968},"size":0.6313753724098206,"orthographic":false}